{
  "ipcRenderer": {
    "channel": "stable",
    "contexts": [
      "webui",
      "content_script",
      "blessed_extension",
      "unblessed_extension"
    ],
    "matches": [
       "chrome://brave/*"
    ]
  },
  "remote": {
    "channel": "stable",
    "contexts": [
      "webui"
    ],
    "matches": [
      "chrome://brave/*"
    ]
  },
  "webFrame": {
    "channel": "stable",
    "contexts": [
      "webui",
      "content_script",
      "blessed_extension",
      "unblessed_extension"
    ],
    "matches": [
      "chrome://brave/*"
    ]
  },
  "protocol": {
    "channel": "stable",
    "contexts": [
      "blessed_extension",
      "unblessed_extension"
    ],
    "location": "component"
  },
  "contentSettings.get": {
    "dependencies": ["permission:contentSettings"],
    "contexts": [
      "webui",
      "content_script",
      "blessed_extension",
      "unblessed_extension"
    ],
    "matches": [
      "chrome://brave/*"
    ]
  },
  "tabViewInternal": {
    "channel": "stable",
    "contexts": [
      "webui"
    ],
    "matches": [
      "chrome://brave/*"
    ]
  }
}
