[
  {
    "namespace": "ipcRenderer",
    "description": "none",
    "functions": [
      {
        "name": "send",
        "nocompile": true,
        "type": "function"
      },
      {
        "name": "sendSync",
        "nocompile": true,
        "type": "function"
      },
      {
        "name": "sendToHost",
        "nocompile": true,
        "type": "function"
      },
      {
        "name": "on",
        "nocompile": true,
        "type": "function"
      },
      {
        "name": "once",
        "nocompile": true,
        "type": "function"
      },
      {
        "name": "emit",
        "nocompile": true,
        "type": "function"
      }
    ]
  }
]
